Latitude,Longitude,XCO2BiasCorrected,Date
23.90755,109.79765,422.7889,2023-01-01
39.69986,94.6809,420.3451,2023-01-01
37.741016,95.35187,422.22452,2023-01-01
37.674667,94.651276,416.1715,2023-01-01
37.67391,94.6502,416.13922,2023-01-01
37.672256,94.64866,417.12924,2023-01-01
23.850899,90.56718,417.69006,2023-01-01
23.75748,90.56729,416.64377,2023-01-01
23.758818,90.46756,417.18845,2023-01-01
23.572588,90.368614,418.62698,2023-01-01
21.438095,84.708565,413.50452,2023-01-01
21.440968,84.70773,415.85764,2023-01-01
21.447365,84.70727,414.88403,2023-01-01
38.994743,105.17032,419.8505,2023-01-02
38.99508,105.16783,420.06738,2023-01-02
38.99689,105.16588,420.99686,2023-01-02
38.598957,108.18442,419.64505,2023-01-02
38.59736,108.18299,419.47964,2023-01-02
38.599434,108.181946,420.13397,2023-01-02
37.917423,111.10552,420.28934,2023-01-02
37.9161,111.10425,420.93692,2023-01-02
37.91579,111.10321,420.44577,2023-01-02
35.443542,110.29091,422.34537,2023-01-02
35.43977,110.28787,422.72876,2023-01-02
35.437225,110.2852,423.25946,2023-01-02
36.097904,107.44725,424.0817,2023-01-02
36.097454,107.44517,422.33005,2023-01-02
36.09691,107.44338,421.6616,2023-01-02
36.495667,104.522354,421.07196,2023-01-02
36.49768,104.52142,420.2827,2023-01-02
19.753757,102.68526,418.58417,2023-01-02
17.484024,99.932884,418.3894,2023-01-02
17.208836,99.989456,418.92288,2023-01-02
38.989586,80.6228,419.84576,2023-01-02
38.991844,80.61839,418.4046,2023-01-02
38.598755,83.63925,417.93692,2023-01-02
38.595642,83.63729,417.8886,2023-01-02
38.595066,83.63553,417.43954,2023-01-02
36.094936,82.90136,420.10995,2023-01-02
36.092335,82.89864,419.8763,2023-01-02
36.092022,82.89693,419.9511,2023-01-02
21.813883,81.53063,417.85052,2023-01-02
33.8236,119.714836,423.14502,2023-01-03
37.679375,102.83842,417.50085,2023-01-03
37.679523,102.83736,417.829,2023-01-03
30.456095,100.56544,420.91895,2023-01-03
30.451538,100.56294,419.4362,2023-01-03
30.44766,100.56136,423.74814,2023-01-03
25.442629,99.17524,425.15955,2023-01-03
25.438637,99.171906,427.24173,2023-01-03
25.437733,99.16958,425.01837,2023-01-03
26.057796,96.613174,417.32587,2023-01-03
26.057821,96.611206,416.77988,2023-01-03
26.058695,96.60975,415.62543,2023-01-03
26.44496,93.97939,414.7567,2023-01-03
26.448061,93.9784,415.03806,2023-01-03
23.910324,93.44135,414.5964,2023-01-03
23.909122,93.4389,414.30267,2023-01-03
23.91149,93.43738,417.4719,2023-01-03
21.441755,92.89103,418.61862,2023-01-03
21.444942,92.8898,417.6203,2023-01-03
21.449535,92.88859,416.9499,2023-01-03
18.500467,94.83615,418.11813,2023-01-03
18.502762,94.835335,417.82446,2023-01-03
18.503294,94.83379,418.3163,2023-01-03
17.89624,97.26884,421.8097,2023-01-03
38.016197,114.50124,426.36276,2023-01-04
37.99661,112.52663,427.41528,2023-01-04
37.700714,114.504684,426.8379,2023-01-04
36.350925,113.20576,426.88773,2023-01-04
32.610043,117.058525,421.38757,2023-01-04
31.429428,115.7685,423.33688,2023-01-04
37.74175,95.35034,418.68698,2023-01-04
37.383774,94.90049,417.21262,2023-01-04
37.677242,94.651245,414.94702,2023-01-04
37.67473,94.64961,416.40118,2023-01-04
37.672626,94.64778,416.11606,2023-01-04
31.502205,86.97154,413.7746,2023-01-04
28.946476,86.392685,419.42746,2023-01-04
28.946423,86.390305,418.08627,2023-01-04
28.947117,86.388336,417.4979,2023-01-04
24.963997,91.68543,414.58606,2023-01-04
24.963993,90.6893,415.55768,2023-01-04
24.464382,91.68687,419.74188,2023-01-04
24.463646,90.69036,417.14145,2023-01-04
24.773962,87.848,420.9209,2023-01-04
22.12305,87.5232,421.75613,2023-01-04
21.884832,87.072174,422.08273,2023-01-04
21.639297,86.61806,420.31503,2023-01-04
21.443377,84.706856,417.56467,2023-01-04
39.860943,109.38964,419.35892,2023-01-05
38.60034,108.18406,419.31992,2023-01-05
38.601234,108.18338,420.50946,2023-01-05
38.60011,108.18146,420.78928,2023-01-05
37.91785,111.10494,419.7397,2023-01-05
37.918472,111.10445,419.964,2023-01-05
37.917152,111.103065,419.88077,2023-01-05
35.446102,110.29107,426.54517,2023-01-05
35.439133,110.28511,422.5359,2023-01-05
36.10104,107.44741,419.88583,2023-01-05
36.09954,107.44492,419.29156,2023-01-05
36.10081,107.44373,419.36185,2023-01-05
36.497154,104.52156,421.6976,2023-01-05
36.50032,104.521225,421.0433,2023-01-05
36.500984,104.51992,422.59656,2023-01-05
33.593636,106.73943,425.0742,2023-01-05
32.93868,109.491455,420.40237,2023-01-05
32.93771,109.49049,421.408,2023-01-05
26.440704,102.16901,418.61417,2023-01-05
26.443695,102.168396,418.18073,2023-01-05
26.446535,102.167465,419.3829,2023-01-05
23.912188,101.62356,428.07083,2023-01-05
23.912882,101.62156,428.48206,2023-01-05
23.915367,101.62033,425.4389,2023-01-05
23.54206,104.18576,420.28894,2023-01-05
23.54376,104.18509,419.91705,2023-01-05
23.544083,104.18356,419.92685,2023-01-05
13.684999,100.75727,420.4436,2023-01-05
38.99008,80.621956,418.97498,2023-01-05
38.99132,80.61962,417.17996,2023-01-05
38.991936,80.61741,417.01202,2023-01-05
38.596565,83.63784,415.08167,2023-01-05
38.59476,83.63625,417.1105,2023-01-05
38.59533,83.63476,415.86148,2023-01-05
36.095192,82.90078,422.01044,2023-01-05
36.094437,82.89839,422.3667,2023-01-05
36.091496,82.895966,422.45343,2023-01-05
33.59089,82.19628,416.78635,2023-01-05
33.58924,82.1948,414.92242,2023-01-05
33.5879,82.19282,415.96548,2023-01-05
32.932255,84.925285,415.0678,2023-01-05
32.93278,84.92449,415.63687,2023-01-05
32.93152,84.92311,414.78644,2023-01-05
30.459457,84.19381,412.014,2023-01-05
30.454313,84.19124,410.96487,2023-01-05
30.450321,84.18834,413.18436,2023-01-05
24.073738,82.498184,422.91437,2023-01-05
23.985579,82.50842,423.62418,2023-01-05
23.87625,82.649284,422.46027,2023-01-05
6.38364,116.459526,421.2899,2023-01-06
37.748352,95.36396,418.13745,2023-01-06
37.387577,94.91367,417.55075,2023-01-06
37.68106,102.838905,415.49966,2023-01-06
37.680393,102.83754,417.20642,2023-01-06
35.45091,102.09896,413.57617,2023-01-06
35.44624,102.09482,414.20654,2023-01-06
35.441887,102.09131,415.84198,2023-01-06
36.09848,99.2654,412.8088,2023-01-06
36.098743,99.2635,413.5351,2023-01-06
36.09538,99.260895,411.99557,2023-01-06
36.493763,96.34575,417.16595,2023-01-06
36.494377,96.344666,415.28442,2023-01-06
36.497948,96.34409,413.1621,2023-01-06
33.979095,95.74988,413.70358,2023-01-06
33.977356,95.7469,414.3353,2023-01-06
33.98038,95.74502,415.2863,2023-01-06
32.937943,101.29514,415.5634,2023-01-06
32.93582,101.293236,416.36798,2023-01-06
30.457026,100.56577,420.94028,2023-01-06
30.453585,100.56302,424.91312,2023-01-06
30.450237,100.56129,426.323,2023-01-06
26.058256,96.613,419.10287,2023-01-06
26.058334,96.61092,416.63168,2023-01-06
26.059763,96.60964,417.5834,2023-01-06
26.442297,93.979774,416.48987,2023-01-06
26.446411,93.97937,415.36298,2023-01-06
26.448902,93.97819,417.399,2023-01-06
23.912083,93.4414,416.61755,2023-01-06
23.911928,93.43942,417.29712,2023-01-06
23.91294,93.43746,415.62827,2023-01-06
21.023119,95.414154,416.06876,2023-01-06
21.024666,95.41265,415.73373,2023-01-06
21.026505,95.41142,416.8041,2023-01-06
21.403486,92.883026,418.88266,2023-01-06
21.406258,92.88222,418.50754,2023-01-06
21.410282,92.8811,416.44717,2023-01-06
18.501877,94.83555,417.59735,2023-01-06
18.504803,94.83531,416.87903,2023-01-06
18.505762,94.83384,418.79156,2023-01-06
39.86031,116.24146,422.5099,2023-01-07
39.860203,116.35169,423.9518,2023-01-07
39.768906,116.24096,425.03308,2023-01-07
36.13692,115.6404,421.32388,2023-01-07
36.13545,115.63821,423.3785,2023-01-07
36.136993,115.63705,422.9157,2023-01-07
36.535133,112.71258,418.9377,2023-01-07
36.5378,112.711395,419.30234,2023-01-07
36.54054,112.710556,418.24265,2023-01-07
33.590866,114.92452,419.51743,2023-01-07
33.59303,114.92398,420.63678,2023-01-07
33.5943,114.92269,419.89514,2023-01-07
31.082863,114.25168,421.87393,2023-01-07
31.084755,114.25019,419.96155,2023-01-07
31.086084,114.24892,420.98166,2023-01-07
31.472664,111.49359,417.0263,2023-01-07
31.475208,111.49263,418.73828,2023-01-07
31.48033,111.491234,416.84204,2023-01-07
28.947557,110.920006,420.1523,2023-01-07
28.947634,110.917694,418.90512,2023-01-07
28.949183,110.91605,419.4488,2023-01-07
28.574759,113.603195,423.511,2023-01-07
28.573547,113.60185,422.4923,2023-01-07
28.57459,113.60041,421.25394,2023-01-07
27.938272,116.22063,417.74332,2023-01-07
27.938765,116.21961,418.13132,2023-01-07
27.93978,116.21871,418.2736,2023-01-07
25.436857,115.54684,420.5702,2023-01-07
25.43542,115.5449,420.81503,2023-01-07
25.433393,115.54281,419.83157,2023-01-07
26.060865,112.977715,419.98785,2023-01-07
26.059202,112.975365,419.65103,2023-01-07
26.061043,112.97415,419.67548,2023-01-07
26.443121,110.346405,418.3319,2023-01-07
26.44575,110.345505,420.19205,2023-01-07
26.44954,110.34452,421.0909,2023-01-07
23.91082,109.80018,423.7666,2023-01-07
23.911715,109.79817,424.22913,2023-01-07
23.912374,109.796326,422.5333,2023-01-07
23.541271,112.368454,421.80255,2023-01-07
23.543633,112.36811,420.5268,2023-01-07
23.545162,112.36685,422.96484,2023-01-07
39.699303,94.67946,417.64484,2023-01-07
39.728676,93.60522,424.09146,2023-01-07
37.74393,95.35155,418.51788,2023-01-07
37.385227,94.901726,418.23215,2023-01-07
37.67858,94.65303,415.39737,2023-01-07
37.67647,94.65149,415.16345,2023-01-07
37.674786,94.64987,416.1383,2023-01-07
33.592834,90.38022,415.89194,2023-01-07
33.59157,90.37885,416.16147,2023-01-07
33.589966,90.376785,416.79266,2023-01-07
29.660734,91.14122,419.77048,2023-01-07
31.505545,86.97188,415.81,2023-01-07
31.507986,86.97086,414.304,2023-01-07
28.947918,86.39429,419.33948,2023-01-07
28.948076,86.39198,419.83746,2023-01-07
28.947826,86.3897,417.68823,2023-01-07
38.99742,105.17289,418.73462,2023-01-08
38.99952,105.170876,418.52252,2023-01-08
38.997814,105.168045,418.30313,2023-01-08
38.60244,108.18761,419.302,2023-01-08
38.601223,108.18623,419.973,2023-01-08
38.602673,108.18508,419.34433,2023-01-08
37.920074,111.10847,418.54456,2023-01-08
37.918476,111.10738,418.4076,2023-01-08
37.918377,111.10641,417.70596,2023-01-08
35.446682,110.29399,421.50616,2023-01-08
35.4429,110.29093,421.06512,2023-01-08
35.4402,110.288246,420.79993,2023-01-08
36.101463,107.45033,418.07132,2023-01-08
36.100723,107.44797,419.359,2023-01-08
36.101177,107.44659,420.30566,2023-01-08
36.49806,104.52453,418.52374,2023-01-08
36.501595,104.52419,421.06644,2023-01-08
32.311993,106.14553,418.27948,2023-01-08
32.01257,106.26716,419.08102,2023-01-08
25.475332,107.37253,418.16718,2023-01-08
25.4723,107.370125,417.98572,2023-01-08
26.101982,104.80737,421.21118,2023-01-08
26.09875,104.80446,420.65567,2023-01-08
26.098932,104.80296,419.79437,2023-01-08
26.478456,102.18006,421.79025,2023-01-08
26.482256,102.17858,420.2005,2023-01-08
26.485706,102.177666,420.37793,2023-01-08
20.17301,103.573296,419.15002,2023-01-08
18.820442,100.80894,419.2127,2023-01-08
18.304958,99.751656,420.79477,2023-01-08
37.913994,86.551796,423.99487,2023-01-08
37.91318,86.55045,425.40448,2023-01-08
36.098957,82.90466,420.54712,2023-01-08
36.096394,82.901886,418.87637,2023-01-08
36.09457,82.89972,420.1103,2023-01-08
32.93577,84.92924,418.19785,2023-01-08
32.932594,84.92753,417.7449,2023-01-08
32.93137,84.92615,414.5953,2023-01-08
29.752195,80.01257,424.69904,2023-01-08
29.349592,80.015564,415.83566,2023-01-08
24.257998,82.80078,417.8359,2023-01-08
24.16411,82.73487,418.99982,2023-01-08
23.978765,82.84047,420.52374,2023-01-08
22.331432,82.692024,416.8107,2023-01-08
21.707943,83.4271,419.97174,2023-01-08
21.720304,82.33617,419.61435,2023-01-08
21.81626,81.532265,418.04242,2023-01-08
37.681168,102.84259,416.8402,2023-01-09
35.450134,102.10222,413.85907,2023-01-09
35.446476,102.09867,413.59,2023-01-09
35.443214,102.09517,412.66467,2023-01-09
36.099213,99.26894,413.5373,2023-01-09
36.098225,99.26668,410.45663,2023-01-09
36.09538,99.26432,412.70267,2023-01-09
36.49432,96.34891,416.08105,2023-01-09
36.49533,96.34802,417.47025,2023-01-09
36.49636,96.346825,418.1625,2023-01-09
33.980553,95.753395,416.38834,2023-01-09
33.97804,95.750656,417.3403,2023-01-09
33.979176,95.74817,418.2657,2023-01-09
32.937466,101.29886,414.73254,2023-01-09
32.935314,101.29699,414.1257,2023-01-09
32.93493,101.29574,415.1589,2023-01-09
30.457638,100.57031,423.34,2023-01-09
30.453531,100.566605,424.5113,2023-01-09
30.450016,100.56434,425.42148,2023-01-09
26.058144,96.616295,417.41754,2023-01-09
26.059338,96.61456,417.20312,2023-01-09
26.060919,96.6133,416.86325,2023-01-09
26.443333,93.98356,415.52185,2023-01-09
26.446922,93.98266,416.0897,2023-01-09
26.44877,93.98144,416.81018,2023-01-09
22.92421,98.51788,417.19803,2023-01-09
22.925423,98.516884,417.48517,2023-01-09
22.927984,98.51628,420.27792,2023-01-09
21.021648,95.417435,415.61923,2023-01-09
21.024485,95.41596,417.0945,2023-01-09
21.026056,95.414696,415.85193,2023-01-09
18.502453,94.83922,419.0882,2023-01-09
18.503685,94.83842,418.21146,2023-01-09
18.505919,94.83721,417.4516,2023-01-09
17.898855,97.272484,419.06964,2023-01-09
37.995228,112.52797,430.848,2023-01-10
37.699226,114.505974,427.40756,2023-01-10
36.644268,119.23899,423.6308,2023-01-10
36.659008,117.027885,422.73657,2023-01-10
36.35235,113.20767,427.71347,2023-01-10
35.929424,114.17645,424.30582,2023-01-10
35.757114,115.04624,420.84686,2023-01-10
35.326458,116.94388,419.908,2023-01-10
35.408142,116.593124,419.11783,2023-01-10
35.23233,115.5036,421.44476,2023-01-10
35.144035,113.82608,422.74042,2023-01-10
34.751617,113.64093,419.95685,2023-01-10
34.037136,113.87434,421.7466,2023-01-10
33.7543,113.301544,421.03836,2023-01-10
32.60838,117.05982,421.51965,2023-01-10
31.429466,115.77035,422.5641,2023-01-10
28.480013,112.99763,425.63947,2023-01-10
37.74208,95.35217,419.80005,2023-01-10
37.38485,94.90293,419.48386,2023-01-10
37.678223,94.653725,417.12994,2023-01-10
37.67629,94.65227,418.7935,2023-01-10
37.67359,94.650375,417.04254,2023-01-10
24.964598,90.69129,417.53436,2023-01-10
22.122425,87.52474,418.34064,2023-01-10
21.640255,86.61992,419.19336,2023-01-10
38.602547,108.18557,422.08978,2023-01-11
38.60196,108.182846,422.63187,2023-01-11
26.060862,104.79554,418.80942,2023-01-11
26.061857,104.79392,419.0725,2023-01-11
26.062551,104.79252,417.85342,2023-01-11
38.993458,80.62077,430.5717,2023-01-11
38.994408,80.61863,430.5398,2023-01-11
32.936718,84.92742,415.6956,2023-01-11
32.933914,84.92576,416.23978,2023-01-11
32.932503,84.92443,415.23502,2023-01-11
24.076462,82.59712,417.70523,2023-01-11
24.072943,82.49947,417.5486,2023-01-11
23.985762,82.509735,416.5632,2023-01-11
23.986403,82.60884,419.56387,2023-01-11
23.955519,82.79752,419.81198,2023-01-11
23.874212,82.650024,417.86884,2023-01-11
23.875368,82.74874,417.09625,2023-01-11
16.14009,119.91118,420.11584,2023-01-12
36.101505,99.266335,415.4614,2023-01-12
36.099457,99.26363,413.5845,2023-01-12
36.097492,99.26146,415.00455,2023-01-12
32.938534,101.29552,413.90738,2023-01-12
32.93799,101.294235,414.11755,2023-01-12
32.93583,101.292336,412.47302,2023-01-12
30.45956,100.56738,423.86905,2023-01-12
30.454895,100.56332,425.01746,2023-01-12
30.452614,100.56146,421.93674,2023-01-12
25.44111,99.17264,421.4922,2023-01-12
25.44012,99.17049,422.95053,2023-01-12
26.060266,96.61332,415.51962,2023-01-12
26.060469,96.611465,418.86212,2023-01-12
26.061792,96.610115,416.28546,2023-01-12
23.91316,93.44155,416.91986,2023-01-12
23.913155,93.43963,417.65475,2023-01-12
23.916195,93.43827,419.51074,2023-01-12
22.925138,98.514786,418.49664,2023-01-12
22.926933,98.514084,417.29282,2023-01-12
22.92884,98.51336,418.04483,2023-01-12
20.417442,97.88966,420.75858,2023-01-12
20.414433,97.887535,422.8707,2023-01-12
20.413855,97.885735,422.28854,2023-01-12
21.024866,95.414635,416.05655,2023-01-12
21.026436,95.41309,416.60117,2023-01-12
21.028156,95.411804,416.63742,2023-01-12
21.405987,92.88359,417.80792,2023-01-12
21.408064,92.88254,416.39444,2023-01-12
21.41311,92.88138,416.78983,2023-01-12
18.503681,94.836266,418.47565,2023-01-12
18.50547,94.835495,417.4911,2023-01-12
18.507166,94.83417,418.78006,2023-01-12
17.90017,97.26937,419.00067,2023-01-12
18.87179,108.7175,421.11267,2023-01-13
18.871695,108.71546,422.071,2023-01-13
18.872551,108.713776,421.27213,2023-01-13
29.665243,91.14283,421.10568,2023-01-13
28.948946,86.3935,418.76755,2023-01-13
28.94789,86.390915,419.14584,2023-01-13
28.948454,86.38895,418.45752,2023-01-13
28.57307,89.05733,420.0041,2023-01-13
28.57191,89.055954,416.53006,2023-01-13
28.57053,89.053955,419.86337,2023-01-13
23.758245,90.56659,419.11456,2023-01-13
23.572836,90.26771,420.63803,2023-01-13
26.480938,102.17903,419.12842,2023-01-14
26.484667,102.17818,418.1192,2023-01-14
26.487734,102.17769,417.4599,2023-01-14
23.916113,101.62573,425.127,2023-01-14
21.026821,105.8607,418.64923,2023-01-14
20.883652,105.38182,417.58594,2023-01-14
20.72622,104.91552,420.96628,2023-01-14
20.55049,104.46303,418.22028,2023-01-14
20.368567,104.01576,418.1399,2023-01-14
20.17342,103.57343,418.1896,2023-01-14
19.969416,103.13166,417.15475,2023-01-14
19.755892,102.68642,419.6184,2023-01-14
19.536327,102.236916,417.2068,2023-01-14
19.304476,101.77492,422.90573,2023-01-14
19.068228,101.30285,415.26602,2023-01-14
18.819754,100.80866,417.31128,2023-01-14
18.56795,100.295586,420.38464,2023-01-14
18.305576,99.751724,419.1077,2023-01-14
18.03262,99.81442,418.10788,2023-01-14
17.760387,99.876396,420.09277,2023-01-14
17.485071,99.933914,419.1036,2023-01-14
17.210934,99.99056,416.49057,2023-01-14
16.933714,100.04463,418.9244,2023-01-14
16.6586,100.09753,417.35754,2023-01-14
16.381395,100.14808,417.2952,2023-01-14
16.103884,100.19694,418.12302,2023-01-14
15.826515,100.24422,420.78378,2023-01-14
15.548454,100.29047,421.63422,2023-01-14
14.425555,100.45757,417.12726,2023-01-14
14.14462,100.49654,420.62573,2023-01-14
13.052685,80.22184,423.2439,2023-01-14
30.459816,100.57071,421.96228,2023-01-15
30.454012,100.56606,425.68094,2023-01-15
30.45121,100.563805,422.1413,2023-01-15
22.927668,98.51818,417.1432,2023-01-15
22.926579,98.51677,420.4338,2023-01-15
22.928938,98.51611,418.35434,2023-01-15
20.41849,97.892975,421.65927,2023-01-15
20.414846,97.890785,419.6295,2023-01-15
20.4139,97.88909,420.73553,2023-01-15
21.024237,95.41727,417.32962,2023-01-15
21.02569,95.41569,417.08542,2023-01-15
21.027996,95.41459,417.41513,2023-01-15
21.40552,92.88621,416.44388,2023-01-15
21.409548,92.88564,416.0119,2023-01-15
21.413702,92.88433,415.39908,2023-01-15
18.503794,94.83878,417.34586,2023-01-15
18.506216,94.83846,418.16577,2023-01-15
18.507536,94.83708,418.8979,2023-01-15
17.900103,97.27236,419.15048,2023-01-15
32.880463,115.83558,422.7232,2023-01-16
32.60887,117.06002,424.02106,2023-01-16
31.749018,116.51064,424.185,2023-01-16
38.36238,91.75172,419.55634,2023-01-16
38.358894,91.74928,419.67957,2023-01-16
38.35943,91.74772,420.27866,2023-01-16
38.998325,105.16992,425.07605,2023-01-17
38.999702,105.167725,423.89166,2023-01-17
39.00094,105.165764,423.00357,2023-01-17
38.6047,108.18546,423.4925,2023-01-17
38.60415,108.18439,423.2441,2023-01-17
38.603733,108.1827,422.94055,2023-01-17
36.101585,107.447624,425.5874,2023-01-17
36.10266,107.44601,427.23862,2023-01-17
36.10274,107.444466,426.45105,2023-01-17
26.445303,102.17021,415.78763,2023-01-17
26.446424,102.169365,417.5536,2023-01-17
26.44944,102.168465,418.5961,2023-01-17
18.506668,103.01836,426.48422,2023-01-17
18.508139,103.01784,425.50256,2023-01-17
18.51036,103.01668,425.79028,2023-01-17
7.820545,99.36914,420.61255,2023-01-17
37.386353,94.913315,419.90536,2023-01-18
37.684982,102.84039,419.10596,2023-01-18
37.684666,102.83915,421.19763,2023-01-18
36.49765,96.345764,419.39197,2023-01-18
36.499825,96.345055,418.981,2023-01-18
36.501713,96.34396,420.01752,2023-01-18
25.446646,99.17642,423.28632,2023-01-18
25.443754,99.17333,424.5236,2023-01-18
25.44131,99.17084,421.49707,2023-01-18
23.91462,93.44144,416.15408,2023-01-18
23.915262,93.43967,418.49646,2023-01-18
23.917528,93.438065,416.97028,2023-01-18
21.407053,92.88354,415.85178,2023-01-18
21.410164,92.88254,415.19348,2023-01-18
21.416052,92.881516,416.45468,2023-01-18
18.505508,94.83631,418.2748,2023-01-18
18.50687,94.8357,417.82947,2023-01-18
18.509691,94.83469,417.6802,2023-01-18
39.766968,116.570206,424.80902,2023-01-19
39.768703,116.349304,424.0793,2023-01-19
39.767414,116.23861,425.86594,2023-01-19
36.139,115.63823,426.03,2023-01-19
36.14043,115.63693,424.93808,2023-01-19
36.140327,115.63527,425.9373,2023-01-19
31.478275,111.49107,423.42004,2023-01-19
31.48046,111.4895,421.10574,2023-01-19
31.483639,111.488045,421.9786,2023-01-19
28.951157,110.9178,423.00363,2023-01-19
28.951332,110.91556,422.40497,2023-01-19
28.95415,110.914055,420.56064,2023-01-19
26.446249,110.34397,422.03622,2023-01-19
26.450296,110.34369,423.05328,2023-01-19
26.453398,110.342766,422.55673,2023-01-19
22.926962,114.879486,419.67838,2023-01-19
22.928606,114.87861,419.80707,2023-01-19
22.931612,114.87781,419.5957,2023-01-19
11.3527565,107.13085,423.20667,2023-01-19
11.357789,107.13,423.53232,2023-01-19
39.72739,93.602455,422.09024,2023-01-19
37.384056,94.899254,415.23605,2023-01-19
38.36337,91.74981,416.52823,2023-01-19
38.360966,91.747734,416.61664,2023-01-19
38.359184,91.74545,416.4432,2023-01-19
37.681873,94.651825,416.1901,2023-01-19
37.680138,94.65054,417.41803,2023-01-19
37.67838,94.64891,417.96283,2023-01-19
28.575134,89.055824,421.1973,2023-01-19
28.57458,89.05463,419.70465,2023-01-19
28.574415,89.05293,417.85587,2023-01-19
23.850727,90.56369,417.927,2023-01-19
23.758013,90.56397,418.55948,2023-01-19
23.756016,90.46328,419.44568,2023-01-19
23.66505,90.26544,416.01202,2023-01-19
23.572275,90.36528,418.99927,2023-01-19
23.57222,90.26504,420.09833,2023-01-19
39.001915,105.16877,419.69168,2023-01-20
39.000877,105.16595,418.9487,2023-01-20
39.002396,105.164,418.41425,2023-01-20
38.60601,108.184006,420.09515,2023-01-20
38.604572,108.18256,419.2065,2023-01-20
38.604393,108.18084,419.62302,2023-01-20
35.448074,110.290115,430.2669,2023-01-20
35.445625,110.287636,427.53683,2023-01-20
35.4426,110.28499,429.06213,2023-01-20
36.50061,104.52044,420.87885,2023-01-20
36.503647,104.51978,421.75745,2023-01-20
19.967789,103.126785,418.2863,2023-01-20
17.484735,99.92939,419.6515,2023-01-20
17.209236,99.985916,416.86594,2023-01-20
16.657503,100.09286,419.4361,2023-01-20
16.103247,100.19242,418.38788,2023-01-20
15.8241825,100.23922,421.3335,2023-01-20
15.547133,100.28552,419.91156,2023-01-20
14.9869995,100.37174,422.02475,2023-01-20
14.706608,100.41314,419.27414,2023-01-20
14.425722,100.453224,419.7847,2023-01-20
14.145775,100.49247,420.65048,2023-01-20
38.60155,83.63777,420.06287,2023-01-20
38.60126,83.6364,418.96326,2023-01-20
38.600338,83.63455,418.53998,2023-01-20
33.824352,119.71172,420.14355,2023-01-21
30.46112,100.5659,420.7374,2023-01-21
30.457872,100.56216,422.84296,2023-01-21
27.94147,99.83717,418.64865,2023-01-21
27.94192,99.83621,418.92398,2023-01-21
27.94133,99.83485,416.3801,2023-01-21
25.447245,99.174484,424.02835,2023-01-21
25.445053,99.1718,424.69812,2023-01-21
25.442915,99.16921,427.27255,2023-01-21
26.062855,96.61161,415.2434,2023-01-21
26.064468,96.61013,414.14114,2023-01-21
26.065268,96.6087,415.52686,2023-01-21
26.450726,93.97758,415.9761,2023-01-21
23.916264,93.43994,417.25964,2023-01-21
23.916378,93.437675,417.7669,2023-01-21
23.91821,93.4362,417.4636,2023-01-21
22.928642,98.51367,418.62997,2023-01-21
22.92961,98.51287,417.78354,2023-01-21
22.931576,98.5122,420.15866,2023-01-21
20.420094,97.88817,420.9842,2023-01-21
20.416725,97.88598,421.4601,2023-01-21
20.41699,97.88448,418.64563,2023-01-21
21.027025,95.4129,417.3712,2023-01-21
21.029886,95.41161,417.67178,2023-01-21
21.031656,95.410385,417.12122,2023-01-21
21.408709,92.88138,418.28372,2023-01-21
21.412872,92.88056,418.81024,2023-01-21
21.416214,92.879234,419.24072,2023-01-21
18.506783,94.83447,418.42865,2023-01-21
18.508476,94.833885,418.65906,2023-01-21
18.511099,94.83281,418.59357,2023-01-21
17.902462,97.26782,421.64484,2023-01-21
38.014782,114.49723,424.89212,2023-01-22
37.700153,114.50101,427.18204,2023-01-22
37.467182,116.252205,426.54962,2023-01-22
37.011074,114.49425,426.54132,2023-01-22
37.383293,94.897125,417.01584,2023-01-22
38.36412,91.749146,419.50284,2023-01-22
38.362293,91.74681,419.55438,2023-01-22
38.36137,91.74489,421.03366,2023-01-22
37.682823,94.65099,418.07617,2023-01-22
37.681084,94.64961,419.3906,2023-01-22
37.67938,94.64794,416.545,2023-01-22
29.661491,91.1373,421.03204,2023-01-22
31.508451,86.96995,416.5981,2023-01-22
31.510082,86.968735,415.9677,2023-01-22
31.512747,86.967804,416.79364,2023-01-22
28.953657,86.39087,418.36362,2023-01-22
28.953554,86.38862,419.66568,2023-01-22
28.95397,86.38659,418.2211,2023-01-22
28.577654,89.05513,422.9188,2023-01-22
28.576103,89.0536,419.72385,2023-01-22
24.963224,91.18487,416.5244,2023-01-22
24.9642,90.68685,417.06873,2023-01-22
24.77539,87.84569,417.2672,2023-01-22
24.43195,89.63204,419.6071,2023-01-22
23.961554,90.6902,416.7597,2023-01-22
22.043722,87.37104,419.67615,2023-01-22
21.76496,86.844185,415.5781,2023-01-22
20.855703,85.19773,420.62036,2023-01-22
38.607426,108.18244,423.7314,2023-01-23
38.608013,108.181,422.6462,2023-01-23
26.449434,102.1683,420.2811,2023-01-23
26.450047,102.16696,420.77713,2023-01-23
26.452625,102.16586,421.10254,2023-01-23
23.919203,101.62177,421.8968,2023-01-23
23.921297,101.61984,423.07498,2023-01-23
23.920876,101.61766,424.8394,2023-01-23
23.550335,104.18496,416.071,2023-01-23
23.550545,104.183914,417.64948,2023-01-23
23.551493,104.18252,416.5735,2023-01-23
21.031235,103.59445,418.94226,2023-01-23
21.032055,103.5927,421.43686,2023-01-23
21.033688,103.591446,420.9878,2023-01-23
21.411236,101.06437,418.75192,2023-01-23
21.415022,101.064026,419.2465,2023-01-23
21.417736,101.06302,420.60498,2023-01-23
18.875763,100.53551,420.12378,2023-01-23
18.875826,100.53367,421.27646,2023-01-23
18.879282,100.53255,420.33902,2023-01-23
18.509853,103.015724,423.85605,2023-01-23
18.511747,103.01515,423.3626,2023-01-23
18.514309,103.01407,424.32996,2023-01-23
17.905981,105.445305,419.9636,2023-01-23
17.908934,105.44477,419.88568,2023-01-23
17.910097,105.443535,419.98087,2023-01-23
13.684318,100.75397,417.12485,2023-01-23
12.32792,99.85546,421.44788,2023-01-23
12.062795,99.76423,422.31406,2023-01-23
38.99674,80.62031,424.13712,2023-01-23
38.99867,80.61822,422.82263,2023-01-23
38.998535,80.61579,425.91113,2023-01-23
38.60374,83.6372,423.43094,2023-01-23
38.60218,83.63576,424.39038,2023-01-23
38.602867,83.63445,424.22552,2023-01-23
36.102093,82.89984,419.9294,2023-01-23
36.1009,82.89761,419.16153,2023-01-23
36.099247,82.89551,419.35248,2023-01-23
33.59713,82.19554,417.04208,2023-01-23
33.59533,82.19376,416.66138,2023-01-23
33.59387,82.19178,416.58575,2023-01-23
32.941124,84.925415,415.41098,2023-01-23
32.93788,84.92355,414.88446,2023-01-23
32.937393,84.922485,415.1297,2023-01-23
24.078766,82.59339,416.90778,2023-01-23
24.074146,82.49545,416.82434,2023-01-23
23.986628,82.50574,416.90854,2023-01-23
23.986698,82.60455,419.7869,2023-01-23
23.953722,82.79271,418.29553,2023-01-23
23.874397,82.64597,418.99487,2023-01-23
23.874622,82.74447,417.51215,2023-01-23
37.38794,94.91067,418.44925,2023-01-24
35.455124,102.09817,415.85327,2023-01-24
35.45154,102.09496,415.81512,2023-01-24
35.448284,102.09179,415.37796,2023-01-24
36.10327,99.261765,414.9212,2023-01-24
36.10302,99.26,412.79022,2023-01-24
36.499935,96.34379,419.07294,2023-01-24
36.503326,96.343285,417.4973,2023-01-24
36.50251,96.34167,420.01096,2023-01-24
33.9854,95.7471,419.60748,2023-01-24
33.984104,95.74214,418.25894,2023-01-24
30.463284,100.566,424.5512,2023-01-24
30.460028,100.56225,424.3931,2023-01-24
30.45697,100.55895,421.92468,2023-01-24
28.58033,97.23736,427.6264,2023-01-24
28.57975,97.236046,429.45914,2023-01-24
28.579075,97.23421,431.15164,2023-01-24
27.944527,99.837585,419.96768,2023-01-24
27.943756,99.83613,420.59735,2023-01-24
27.942705,99.83461,419.65884,2023-01-24
25.448761,99.17431,425.5931,2023-01-24
25.446459,99.171585,425.58563,2023-01-24
25.443953,99.16869,424.71515,2023-01-24
26.063957,96.61122,416.8228,2023-01-24
26.065094,96.60944,415.53113,2023-01-24
26.065289,96.607895,414.23294,2023-01-24
23.917437,93.439445,416.8282,2023-01-24
23.916767,93.43691,417.02826,2023-01-24
23.918625,93.43542,417.3678,2023-01-24
22.928782,98.51285,419.71848,2023-01-24
22.930517,98.51228,419.91223,2023-01-24
22.931684,98.51141,419.99646,2023-01-24
20.421396,97.88768,420.4361,2023-01-24
20.418211,97.88556,421.91684,2023-01-24
20.41827,97.88393,421.74783,2023-01-24
21.028519,95.4124,417.33813,2023-01-24
21.031233,95.4111,417.2548,2023-01-24
21.031893,95.40962,417.2456,2023-01-24
21.410301,92.881004,418.48447,2023-01-24
21.412485,92.87969,419.83817,2023-01-24
21.418097,92.87895,418.02145,2023-01-24
18.508633,94.83425,419.854,2023-01-24
18.509872,94.83338,416.89185,2023-01-24
18.511395,94.8321,419.71317,2023-01-24
17.904718,97.26745,420.87735,2023-01-24
39.85978,116.23683,425.50156,2023-01-25
39.85901,116.34682,426.0278,2023-01-25
39.859528,116.45804,426.8334,2023-01-25
39.76831,116.236496,427.07928,2023-01-25
36.141537,115.636475,424.31165,2023-01-25
36.144215,115.63545,424.2492,2023-01-25
36.143734,115.63369,424.63434,2023-01-25
31.48739,111.48627,421.55878,2023-01-25
28.578957,113.599335,421.53442,2023-01-25
28.580864,113.59689,422.28085,2023-01-25
27.943947,116.21742,419.93155,2023-01-25
27.94422,116.21644,421.70206,2023-01-25
27.94668,116.21589,421.16293,2023-01-25
26.065607,112.97395,421.3902,2023-01-25
26.06568,112.97191,421.3122,2023-01-25
26.0677,112.97072,421.90005,2023-01-25
37.74273,95.34681,420.39124,2023-01-25
38.36937,91.749535,418.95065,2023-01-25
38.363422,91.74599,417.62256,2023-01-25
38.36103,91.74349,419.68295,2023-01-25
23.66542,90.26313,418.54407,2023-01-25
39.003895,105.16692,423.2531,2023-01-26
39.00385,105.16433,422.9217,2023-01-26
39.00549,105.16237,422.44296,2023-01-26
36.1069,107.44465,424.22742,2023-01-26
36.10719,107.4428,424.39835,2023-01-26
36.1075,107.44133,425.08755,2023-01-26
36.504757,104.519035,423.88846,2023-01-26
36.50682,104.51824,422.27826,2023-01-26
31.75427,104.75817,424.0509,2023-01-26
31.328644,104.969986,420.86795,2023-01-26
26.48708,102.1744,420.0487,2023-01-26
26.488953,102.17349,418.67105,2023-01-26
26.49224,102.172554,417.626,2023-01-26
23.91999,101.62071,425.32684,2023-01-26
20.725851,104.90965,421.18442,2023-01-26
20.551138,104.45684,419.93652,2023-01-26
20.36851,104.00976,419.904,2023-01-26
20.173862,103.56745,424.42883,2023-01-26
19.96933,103.125496,419.7764,2023-01-26
19.755596,102.68046,418.55457,2023-01-26
19.534754,102.23034,420.82257,2023-01-26
19.30388,101.76825,419.9845,2023-01-26
19.067333,101.296326,418.63004,2023-01-26
18.820707,100.80274,418.30136,2023-01-26
18.567007,100.28957,417.8851,2023-01-26
18.032686,99.808136,421.3878,2023-01-26
17.759624,99.87007,420.41364,2023-01-26
17.484827,99.927605,419.59607,2023-01-26
17.208504,99.98392,418.9115,2023-01-26
16.931597,100.038124,419.17914,2023-01-26
16.658298,100.09125,419.60257,2023-01-26
16.381304,100.14185,418.52646,2023-01-26
16.103193,100.19065,418.88885,2023-01-26
15.826308,100.238075,420.32623,2023-01-26
15.545662,100.2835,420.22095,2023-01-26
15.267576,100.32751,419.7801,2023-01-26
14.987625,100.37018,421.66345,2023-01-26
14.70789,100.41162,417.1442,2023-01-26
14.426038,100.451584,420.8187,2023-01-26
13.863375,100.528404,421.1077,2023-01-26
13.637557,100.41926,425.98212,2023-01-26
13.223896,101.838905,423.37564,2023-01-26
32.942776,84.92451,415.26453,2023-01-26
32.93952,84.922554,416.02707,2023-01-26
32.938423,84.921104,416.9917,2023-01-26
23.97802,82.8344,419.20172,2023-01-26
22.015856,83.3567,417.854,2023-01-26
34.594193,119.22895,427.0348,2023-01-27
33.822376,119.70972,423.05753,2023-01-27
37.74503,95.35915,420.62552,2023-01-27
37.38851,94.91019,419.56888,2023-01-27
37.68667,102.836586,420.97818,2023-01-27
37.688713,102.83618,420.04633,2023-01-27
35.456894,102.097275,413.75827,2023-01-27
35.452896,102.09395,415.33435,2023-01-27
35.448555,102.090294,416.2573,2023-01-27
32.70796,101.22083,419.80527,2023-01-27
32.70613,101.21897,418.86902,2023-01-27
32.704914,101.21743,418.35623,2023-01-27
31.092869,97.88543,412.61038,2023-01-27
31.092974,97.88334,415.07016,2023-01-27
31.089602,97.880936,415.16055,2023-01-27
27.945776,99.83664,420.02057,2023-01-27
27.944582,99.835045,419.81293,2023-01-27
27.944262,99.833824,417.33084,2023-01-27
25.449492,99.17302,426.72305,2023-01-27
25.446877,99.17018,425.0649,2023-01-27
25.445974,99.16794,426.43423,2023-01-27
26.064768,96.61,413.05972,2023-01-27
26.067247,96.608635,414.40088,2023-01-27
26.068575,96.60732,414.9813,2023-01-27
26.450247,93.97696,416.6189,2023-01-27
26.453806,93.97621,417.35507,2023-01-27
26.457806,93.97542,415.84464,2023-01-27
23.919153,93.43858,416.94522,2023-01-27
23.918447,93.43618,416.76096,2023-01-27
23.920908,93.43491,416.8915,2023-01-27
22.931345,98.512405,418.74295,2023-01-27
22.932955,98.51163,419.74188,2023-01-27
22.934465,98.5109,419.67896,2023-01-27
20.422876,97.88667,421.21326,2023-01-27
20.420103,97.884544,422.8928,2023-01-27
20.418674,97.88258,420.69775,2023-01-27
21.029444,95.41135,418.49765,2023-01-27
21.032337,95.41,418.17935,2023-01-27
21.033855,95.40868,417.08023,2023-01-27
21.411625,92.87986,418.18927,2023-01-27
21.415848,92.878944,419.5745,2023-01-27
21.41851,92.87786,418.20306,2023-01-27
18.509724,94.83313,419.67593,2023-01-27
18.511961,94.83256,418.7423,2023-01-27
18.511604,94.830826,419.4702,2023-01-27
17.905241,97.266235,419.69553,2023-01-27
38.01526,114.49709,417.6669,2023-01-28
37.99454,112.52205,423.69803,2023-01-28
37.700264,114.50053,420.60654,2023-01-28
37.465637,116.2514,422.26187,2023-01-28
36.64463,119.23334,422.6426,2023-01-28
36.658497,117.02221,421.85645,2023-01-28
37.01075,114.4936,419.57855,2023-01-28
36.352116,113.20193,420.77576,2023-01-28
35.928703,114.170555,421.00046,2023-01-28
35.756622,115.04051,419.31464,2023-01-28
35.32554,116.937965,423.05765,2023-01-28
35.408844,116.58767,420.23358,2023-01-28
35.23163,115.4976,420.23563,2023-01-28
35.14442,113.82046,420.5772,2023-01-28
34.753197,113.63562,420.09253,2023-01-28
32.88135,115.829926,421.32996,2023-01-28
32.84817,115.51775,421.36774,2023-01-28
32.608562,117.05414,421.3267,2023-01-28
31.430017,115.764595,421.9816,2023-01-28
28.4804,112.992,422.61624,2023-01-28
27.500591,112.96121,422.28992,2023-01-28
27.213318,112.971146,420.096,2023-01-28
26.929546,112.981606,421.08405,2023-01-28
26.643843,112.99142,422.33505,2023-01-28
26.357918,113.001144,421.79428,2023-01-28
26.071262,113.01007,420.71387,2023-01-28
25.785229,113.01942,420.08606,2023-01-28
25.482016,113.02116,422.8083,2023-01-28
25.177486,113.02248,425.1081,2023-01-28
24.877176,113.0243,420.35413,2023-01-28
24.568598,113.02526,419.70334,2023-01-28
24.260088,113.02586,423.37967,2023-01-28
23.957706,113.027504,420.49646,2023-01-28
23.649488,113.0285,420.8715,2023-01-28
23.407387,113.160545,419.804,2023-01-28
23.161596,113.2925,422.53735,2023-01-28
22.816753,113.71807,422.48688,2023-01-28
22.428377,114.051994,422.95233,2023-01-28
22.08157,113.19378,419.5681,2023-01-28
22.692678,114.81437,424.7117,2023-01-28
22.69467,114.813446,424.69357,2023-01-28
38.363785,91.7466,417.0231,2023-01-28
38.36273,91.74483,418.44775,2023-01-28
38.36209,91.74287,419.469,2023-01-28
37.684673,94.649284,419.40582,2023-01-28
32.703487,93.0332,419.16498,2023-01-28
29.6615,91.13689,418.34412,2023-01-28
31.510725,86.96871,416.54663,2023-01-28
31.511555,86.967224,417.3649,2023-01-28
31.513617,86.96617,418.02164,2023-01-28
39.859394,109.38575,419.09396,2023-01-29
39.006435,105.167046,419.42892,2023-01-29
36.146015,107.45337,420.60916,2023-01-29
36.14593,107.45163,419.42896,2023-01-29
36.5435,104.52832,420.7301,2023-01-29
36.547245,104.528,420.3309,2023-01-29
36.549957,104.52717,420.91464,2023-01-29
33.989063,103.91247,419.21704,2023-01-29
33.60265,106.73887,421.50076,2023-01-29
32.948074,109.48972,421.4556,2023-01-29
32.946712,109.48835,421.9826,2023-01-29
32.94762,109.48771,420.16766,2023-01-29
29.690655,106.34904,424.48993,2023-01-29
29.659655,106.503296,422.9437,2023-01-29
29.691946,106.662224,424.44107,2023-01-29
29.549528,106.35263,426.43036,2023-01-29
29.415123,106.35359,423.76108,2023-01-29
29.41579,106.66493,422.72916,2023-01-29
28.341223,105.35509,425.7909,2023-01-29
27.713923,107.9691,421.63846,2023-01-29
27.708504,107.96631,422.44708,2023-01-29
27.707706,107.96479,422.2994,2023-01-29
25.448671,107.36048,418.88193,2023-01-29
25.446241,107.35829,418.39304,2023-01-29
25.444153,107.35618,417.73367,2023-01-29
26.068417,104.79228,419.26657,2023-01-29
26.069025,104.79042,418.84177,2023-01-29
26.06918,104.78879,418.84552,2023-01-29
23.552042,104.18372,418.94284,2023-01-29
23.553059,104.18302,420.67807,2023-01-29
23.553898,104.18151,419.02765,2023-01-29
22.933796,106.69462,420.32822,2023-01-29
22.936571,106.694565,421.52228,2023-01-29
22.936262,106.69312,421.23096,2023-01-29
20.423395,106.07178,419.85214,2023-01-29
20.419935,106.06942,420.1143,2023-01-29
20.420555,106.06806,420.9354,2023-01-29
21.033768,103.59339,422.03882,2023-01-29
21.033821,103.59152,421.7509,2023-01-29
21.035124,103.59019,421.69968,2023-01-29
18.87904,100.53312,418.5914,2023-01-29
18.880297,100.53165,420.2305,2023-01-29
18.512539,103.01513,426.24347,2023-01-29
18.513107,103.01409,426.1033,2023-01-29
18.51572,103.013054,426.6607,2023-01-29
13.685274,100.75375,419.63745,2023-01-29
39.000435,80.61933,420.97174,2023-01-29
38.999805,80.61649,421.3502,2023-01-29
39.002373,80.61473,423.07507,2023-01-29
38.606037,83.63613,419.97653,2023-01-29
38.605858,83.63482,421.74103,2023-01-29
38.605064,83.632965,419.58597,2023-01-29
37.92393,86.54627,420.34583,2023-01-29
37.92109,86.545456,421.2996,2023-01-29
37.91988,86.54451,422.0291,2023-01-29
35.461433,85.72597,418.63205,2023-01-29
35.45598,85.722435,419.43558,2023-01-29
35.451427,85.71917,418.85574,2023-01-29
36.101254,82.89411,416.12152,2023-01-29
32.944023,84.924446,415.97913,2023-01-29
32.942078,84.9229,414.43295,2023-01-29
32.94068,84.921394,415.31827,2023-01-29
25.553137,80.85145,416.90225,2023-01-29
24.12375,82.67667,424.1657,2023-01-29
23.985672,82.60419,424.8541,2023-01-29
23.905663,82.55303,421.59854,2023-01-29
23.874367,82.64558,420.30893,2023-01-29
37.74742,95.35983,420.01328,2023-01-30
37.388752,94.91028,421.20908,2023-01-30
35.458332,102.09774,411.8354,2023-01-30
35.45412,102.094444,414.2898,2023-01-30
35.44966,102.09083,413.30304,2023-01-30
32.707623,101.21912,414.53433,2023-01-30
32.706158,101.21742,415.09164,2023-01-30
30.46503,100.56521,428.21664,2023-01-30
30.462673,100.561844,424.52356,2023-01-30
30.457952,100.55764,426.22507,2023-01-30
31.094017,97.88582,416.90036,2023-01-30
31.093197,97.88349,416.319,2023-01-30
31.091375,97.88152,418.04648,2023-01-30
28.581861,97.236206,429.0295,2023-01-30
28.58206,97.23526,428.50177,2023-01-30
28.582794,97.233795,427.67206,2023-01-30
27.948612,99.83775,421.82657,2023-01-30
27.946493,99.83557,421.00293,2023-01-30
27.945787,99.83426,419.98514,2023-01-30
25.452166,99.17389,425.8233,2023-01-30
25.448223,99.1707,424.3998,2023-01-30
25.446634,99.16821,426.7741,2023-01-30
26.066349,96.61052,415.30753,2023-01-30
26.067532,96.60884,418.32886,2023-01-30
26.069294,96.607635,418.76404,2023-01-30
26.450848,93.97737,415.66882,2023-01-30
23.919209,93.43886,416.47662,2023-01-30
23.91965,93.43675,417.33112,2023-01-30
23.92137,93.435394,418.72165,2023-01-30
22.933128,98.51291,420.45206,2023-01-30
22.93349,98.51185,419.1884,2023-01-30
22.936104,98.51141,419.07507,2023-01-30
20.423527,97.88697,419.76334,2023-01-30
20.421146,97.884995,421.8193,2023-01-30
20.420439,97.88304,421.74634,2023-01-30
21.032763,95.410324,417.1965,2023-01-30
21.412378,92.88018,417.93924,2023-01-30
21.414764,92.87899,418.5794,2023-01-30
21.41896,92.87832,416.84454,2023-01-30
18.50924,94.83325,420.9516,2023-01-30
18.512726,94.83302,420.4797,2023-01-30
18.512644,94.831345,420.7342,2023-01-30
